[{"model": "admin.logentry", "pk": 1, "fields": {"action_time": "2023-12-05T21:04:53.177Z", "user": 1, "content_type": 16, "object_id": "1", "object_repr": "XMAS20", "action_flag": 1, "change_message": "[{\"added\": {}}]"}}, {"model": "admin.logentry", "pk": 2, "fields": {"action_time": "2023-12-05T21:48:00.129Z", "user": 1, "content_type": 14, "object_id": "13", "object_repr": "DB Wrist Wraps - Black", "action_flag": 2, "change_message": "[{\"changed\": {\"fields\": [\"Has sizes\"]}}]"}}, {"model": "admin.logentry", "pk": 3, "fields": {"action_time": "2023-12-05T21:48:05.509Z", "user": 1, "content_type": 14, "object_id": "14", "object_repr": "DB Wrist Wraps - Teal", "action_flag": 2, "change_message": "[{\"changed\": {\"fields\": [\"Has sizes\"]}}]"}}, {"model": "auth.permission", "pk": 1, "fields": {"name": "Can add log entry", "content_type": 1, "codename": "add_logentry"}}, {"model": "auth.permission", "pk": 2, "fields": {"name": "Can change log entry", "content_type": 1, "codename": "change_logentry"}}, {"model": "auth.permission", "pk": 3, "fields": {"name": "Can delete log entry", "content_type": 1, "codename": "delete_logentry"}}, {"model": "auth.permission", "pk": 4, "fields": {"name": "Can view log entry", "content_type": 1, "codename": "view_logentry"}}, {"model": "auth.permission", "pk": 5, "fields": {"name": "Can add permission", "content_type": 2, "codename": "add_permission"}}, {"model": "auth.permission", "pk": 6, "fields": {"name": "Can change permission", "content_type": 2, "codename": "change_permission"}}, {"model": "auth.permission", "pk": 7, "fields": {"name": "Can delete permission", "content_type": 2, "codename": "delete_permission"}}, {"model": "auth.permission", "pk": 8, "fields": {"name": "Can view permission", "content_type": 2, "codename": "view_permission"}}, {"model": "auth.permission", "pk": 9, "fields": {"name": "Can add group", "content_type": 3, "codename": "add_group"}}, {"model": "auth.permission", "pk": 10, "fields": {"name": "Can change group", "content_type": 3, "codename": "change_group"}}, {"model": "auth.permission", "pk": 11, "fields": {"name": "Can delete group", "content_type": 3, "codename": "delete_group"}}, {"model": "auth.permission", "pk": 12, "fields": {"name": "Can view group", "content_type": 3, "codename": "view_group"}}, {"model": "auth.permission", "pk": 13, "fields": {"name": "Can add user", "content_type": 4, "codename": "add_user"}}, {"model": "auth.permission", "pk": 14, "fields": {"name": "Can change user", "content_type": 4, "codename": "change_user"}}, {"model": "auth.permission", "pk": 15, "fields": {"name": "Can delete user", "content_type": 4, "codename": "delete_user"}}, {"model": "auth.permission", "pk": 16, "fields": {"name": "Can view user", "content_type": 4, "codename": "view_user"}}, {"model": "auth.permission", "pk": 17, "fields": {"name": "Can add content type", "content_type": 5, "codename": "add_contenttype"}}, {"model": "auth.permission", "pk": 18, "fields": {"name": "Can change content type", "content_type": 5, "codename": "change_contenttype"}}, {"model": "auth.permission", "pk": 19, "fields": {"name": "Can delete content type", "content_type": 5, "codename": "delete_contenttype"}}, {"model": "auth.permission", "pk": 20, "fields": {"name": "Can view content type", "content_type": 5, "codename": "view_contenttype"}}, {"model": "auth.permission", "pk": 21, "fields": {"name": "Can add session", "content_type": 6, "codename": "add_session"}}, {"model": "auth.permission", "pk": 22, "fields": {"name": "Can change session", "content_type": 6, "codename": "change_session"}}, {"model": "auth.permission", "pk": 23, "fields": {"name": "Can delete session", "content_type": 6, "codename": "delete_session"}}, {"model": "auth.permission", "pk": 24, "fields": {"name": "Can view session", "content_type": 6, "codename": "view_session"}}, {"model": "auth.permission", "pk": 25, "fields": {"name": "Can add site", "content_type": 7, "codename": "add_site"}}, {"model": "auth.permission", "pk": 26, "fields": {"name": "Can change site", "content_type": 7, "codename": "change_site"}}, {"model": "auth.permission", "pk": 27, "fields": {"name": "Can delete site", "content_type": 7, "codename": "delete_site"}}, {"model": "auth.permission", "pk": 28, "fields": {"name": "Can view site", "content_type": 7, "codename": "view_site"}}, {"model": "auth.permission", "pk": 29, "fields": {"name": "Can add email address", "content_type": 8, "codename": "add_emailaddress"}}, {"model": "auth.permission", "pk": 30, "fields": {"name": "Can change email address", "content_type": 8, "codename": "change_emailaddress"}}, {"model": "auth.permission", "pk": 31, "fields": {"name": "Can delete email address", "content_type": 8, "codename": "delete_emailaddress"}}, {"model": "auth.permission", "pk": 32, "fields": {"name": "Can view email address", "content_type": 8, "codename": "view_emailaddress"}}, {"model": "auth.permission", "pk": 33, "fields": {"name": "Can add email confirmation", "content_type": 9, "codename": "add_emailconfirmation"}}, {"model": "auth.permission", "pk": 34, "fields": {"name": "Can change email confirmation", "content_type": 9, "codename": "change_emailconfirmation"}}, {"model": "auth.permission", "pk": 35, "fields": {"name": "Can delete email confirmation", "content_type": 9, "codename": "delete_emailconfirmation"}}, {"model": "auth.permission", "pk": 36, "fields": {"name": "Can view email confirmation", "content_type": 9, "codename": "view_emailconfirmation"}}, {"model": "auth.permission", "pk": 37, "fields": {"name": "Can add social account", "content_type": 10, "codename": "add_socialaccount"}}, {"model": "auth.permission", "pk": 38, "fields": {"name": "Can change social account", "content_type": 10, "codename": "change_socialaccount"}}, {"model": "auth.permission", "pk": 39, "fields": {"name": "Can delete social account", "content_type": 10, "codename": "delete_socialaccount"}}, {"model": "auth.permission", "pk": 40, "fields": {"name": "Can view social account", "content_type": 10, "codename": "view_socialaccount"}}, {"model": "auth.permission", "pk": 41, "fields": {"name": "Can add social application", "content_type": 11, "codename": "add_socialapp"}}, {"model": "auth.permission", "pk": 42, "fields": {"name": "Can change social application", "content_type": 11, "codename": "change_socialapp"}}, {"model": "auth.permission", "pk": 43, "fields": {"name": "Can delete social application", "content_type": 11, "codename": "delete_socialapp"}}, {"model": "auth.permission", "pk": 44, "fields": {"name": "Can view social application", "content_type": 11, "codename": "view_socialapp"}}, {"model": "auth.permission", "pk": 45, "fields": {"name": "Can add social application token", "content_type": 12, "codename": "add_socialtoken"}}, {"model": "auth.permission", "pk": 46, "fields": {"name": "Can change social application token", "content_type": 12, "codename": "change_socialtoken"}}, {"model": "auth.permission", "pk": 47, "fields": {"name": "Can delete social application token", "content_type": 12, "codename": "delete_socialtoken"}}, {"model": "auth.permission", "pk": 48, "fields": {"name": "Can view social application token", "content_type": 12, "codename": "view_socialtoken"}}, {"model": "auth.permission", "pk": 49, "fields": {"name": "Can add category", "content_type": 13, "codename": "add_category"}}, {"model": "auth.permission", "pk": 50, "fields": {"name": "Can change category", "content_type": 13, "codename": "change_category"}}, {"model": "auth.permission", "pk": 51, "fields": {"name": "Can delete category", "content_type": 13, "codename": "delete_category"}}, {"model": "auth.permission", "pk": 52, "fields": {"name": "Can view category", "content_type": 13, "codename": "view_category"}}, {"model": "auth.permission", "pk": 53, "fields": {"name": "Can add product", "content_type": 14, "codename": "add_product"}}, {"model": "auth.permission", "pk": 54, "fields": {"name": "Can change product", "content_type": 14, "codename": "change_product"}}, {"model": "auth.permission", "pk": 55, "fields": {"name": "Can delete product", "content_type": 14, "codename": "delete_product"}}, {"model": "auth.permission", "pk": 56, "fields": {"name": "Can view product", "content_type": 14, "codename": "view_product"}}, {"model": "auth.permission", "pk": 57, "fields": {"name": "Can add product review", "content_type": 15, "codename": "add_productreview"}}, {"model": "auth.permission", "pk": 58, "fields": {"name": "Can change product review", "content_type": 15, "codename": "change_productreview"}}, {"model": "auth.permission", "pk": 59, "fields": {"name": "Can delete product review", "content_type": 15, "codename": "delete_productreview"}}, {"model": "auth.permission", "pk": 60, "fields": {"name": "Can view product review", "content_type": 15, "codename": "view_productreview"}}, {"model": "auth.permission", "pk": 61, "fields": {"name": "Can add discount code", "content_type": 16, "codename": "add_discountcode"}}, {"model": "auth.permission", "pk": 62, "fields": {"name": "Can change discount code", "content_type": 16, "codename": "change_discountcode"}}, {"model": "auth.permission", "pk": 63, "fields": {"name": "Can delete discount code", "content_type": 16, "codename": "delete_discountcode"}}, {"model": "auth.permission", "pk": 64, "fields": {"name": "Can view discount code", "content_type": 16, "codename": "view_discountcode"}}, {"model": "auth.permission", "pk": 65, "fields": {"name": "Can add order", "content_type": 17, "codename": "add_order"}}, {"model": "auth.permission", "pk": 66, "fields": {"name": "Can change order", "content_type": 17, "codename": "change_order"}}, {"model": "auth.permission", "pk": 67, "fields": {"name": "Can delete order", "content_type": 17, "codename": "delete_order"}}, {"model": "auth.permission", "pk": 68, "fields": {"name": "Can view order", "content_type": 17, "codename": "view_order"}}, {"model": "auth.permission", "pk": 69, "fields": {"name": "Can add order line item", "content_type": 18, "codename": "add_orderlineitem"}}, {"model": "auth.permission", "pk": 70, "fields": {"name": "Can change order line item", "content_type": 18, "codename": "change_orderlineitem"}}, {"model": "auth.permission", "pk": 71, "fields": {"name": "Can delete order line item", "content_type": 18, "codename": "delete_orderlineitem"}}, {"model": "auth.permission", "pk": 72, "fields": {"name": "Can view order line item", "content_type": 18, "codename": "view_orderlineitem"}}, {"model": "auth.permission", "pk": 73, "fields": {"name": "Can add user profile", "content_type": 19, "codename": "add_userprofile"}}, {"model": "auth.permission", "pk": 74, "fields": {"name": "Can change user profile", "content_type": 19, "codename": "change_userprofile"}}, {"model": "auth.permission", "pk": 75, "fields": {"name": "Can delete user profile", "content_type": 19, "codename": "delete_userprofile"}}, {"model": "auth.permission", "pk": 76, "fields": {"name": "Can view user profile", "content_type": 19, "codename": "view_userprofile"}}, {"model": "auth.user", "pk": 1, "fields": {"password": "pbkdf2_sha256$260000$yc7NDxuOeqX8xvqi6ePu3V$l37eSL9jbZebY7VgRBONZiUcs23lypi2zEtf9M/IogQ=", "last_login": "2023-12-05T21:07:41.264Z", "is_superuser": true, "username": "admin", "first_name": "", "last_name": "", "email": "admin@someemail.com", "is_staff": true, "is_active": true, "date_joined": "2023-12-05T21:00:23.226Z", "groups": [], "user_permissions": []}}, {"model": "contenttypes.contenttype", "pk": 1, "fields": {"app_label": "admin", "model": "logentry"}}, {"model": "contenttypes.contenttype", "pk": 2, "fields": {"app_label": "auth", "model": "permission"}}, {"model": "contenttypes.contenttype", "pk": 3, "fields": {"app_label": "auth", "model": "group"}}, {"model": "contenttypes.contenttype", "pk": 4, "fields": {"app_label": "auth", "model": "user"}}, {"model": "contenttypes.contenttype", "pk": 5, "fields": {"app_label": "contenttypes", "model": "contenttype"}}, {"model": "contenttypes.contenttype", "pk": 6, "fields": {"app_label": "sessions", "model": "session"}}, {"model": "contenttypes.contenttype", "pk": 7, "fields": {"app_label": "sites", "model": "site"}}, {"model": "contenttypes.contenttype", "pk": 8, "fields": {"app_label": "account", "model": "emailaddress"}}, {"model": "contenttypes.contenttype", "pk": 9, "fields": {"app_label": "account", "model": "emailconfirmation"}}, {"model": "contenttypes.contenttype", "pk": 10, "fields": {"app_label": "socialaccount", "model": "socialaccount"}}, {"model": "contenttypes.contenttype", "pk": 11, "fields": {"app_label": "socialaccount", "model": "socialapp"}}, {"model": "contenttypes.contenttype", "pk": 12, "fields": {"app_label": "socialaccount", "model": "socialtoken"}}, {"model": "contenttypes.contenttype", "pk": 13, "fields": {"app_label": "products", "model": "category"}}, {"model": "contenttypes.contenttype", "pk": 14, "fields": {"app_label": "products", "model": "product"}}, {"model": "contenttypes.contenttype", "pk": 15, "fields": {"app_label": "products", "model": "productreview"}}, {"model": "contenttypes.contenttype", "pk": 16, "fields": {"app_label": "checkout", "model": "discountcode"}}, {"model": "contenttypes.contenttype", "pk": 17, "fields": {"app_label": "checkout", "model": "order"}}, {"model": "contenttypes.contenttype", "pk": 18, "fields": {"app_label": "checkout", "model": "orderlineitem"}}, {"model": "contenttypes.contenttype", "pk": 19, "fields": {"app_label": "profiles", "model": "userprofile"}}, {"model": "sessions.session", "pk": "i8hd792pblpyctbjr8iyz1f7cyl1z7p6", "fields": {"session_data": ".eJxVjc0OgyAQhN-FsyEWf1g89t5nIAu7KG0DRrGXpu9eTTy01_lmvnkLi1uZ7LbyYiOJQVxE9Zs59A9OB6A7pjFLn1NZopNHRZ50lbdM_Lye3T_BhOu0r0GxIwhGKcct-mAacmTAQI8tG-0ATI0aejCkEXzoVQeMSteBGuI27NIVX2xjClkMZdm4EiXOdubFcyo48n7Sic8XaKlFrg:1rAnt4:AiLb0iwUyHurOiM35hJl_u37KPl1jF3eqwR1JNF1iJA", "expire_date": "2023-12-20T09:08:10.333Z"}}, {"model": "sessions.session", "pk": "xmha2sv12ikm8pf2jbu5wpkg8entdd1w", "fields": {"session_data": ".eJxVjDsOg0AMBe_iOlrBQlibMj1nQPbaCyQRSHwqxN0TJBraNzNvB-EO6h081PnxgJa3tW-3xeZ2UKghh9smHD82nkDfPHaTi9O4zoO4U3EXXVwzqX1fl3s76Hnp_zV6E8VE3ouVHBMVKkpIWHFpFASRMg5YIWlgjKnyTzT2IUtaqJUJjh-TfTxK:1rAcdp:gwQTWq8YpSvWPsSa89YpclB1Z8InW_0hd09powM7FFI", "expire_date": "2023-12-19T21:07:41.268Z"}}, {"model": "sites.site", "pk": 1, "fields": {"domain": "example.com", "name": "example.com"}}, {"model": "products.category", "pk": 1, "fields": {"name": "bags_shakers", "friendly_name": "Bags & Shakers"}}, {"model": "products.category", "pk": 2, "fields": {"name": "hoodies", "friendly_name": "Hoodies"}}, {"model": "products.category", "pk": 3, "fields": {"name": "joggers_leggings_shorts", "friendly_name": "Joggers, Leggings & Shorts"}}, {"model": "products.category", "pk": 4, "fields": {"name": "meal_training_plans", "friendly_name": "Meals & Training Plans"}}, {"model": "products.category", "pk": 5, "fields": {"name": "training_equipment", "friendly_name": "Training Equipment"}}, {"model": "products.category", "pk": 6, "fields": {"name": "tops", "friendly_name": "Tops"}}, {"model": "products.category", "pk": 7, "fields": {"name": "underwear_socks", "friendly_name": "Underwear & Socks"}}, {"model": "products.product", "pk": 1, "fields": {"category": 5, "sku": "pi0000001", "name": "Knee Sleeve 5mm", "description": "When lifting heavy, your joints can come under tons of stress. The DreamBuild Knee Sleeves 5mm have been forged to keep your knees safe, secure and supported throughout squats, leg presses and more with a compressive fit and insulating material. (Sizing in inches S: 12.0 - 12.9, M: 13.1 - 13.8, L: 13.9 - 14.6, XL: 14.7 - 15.4, XXL: 15.5 - 16.1)", "has_sizes": true, "price": "19.99", "rating": "4.60", "image": "PI0000001.jpg"}}, {"model": "products.product", "pk": 2, "fields": {"category": 1, "sku": "pi0000002", "name": "DB Mini Barrel Bag - Black", "description": "Store all your gym gear with ease in our mini barrel bag. An adjustable woven shoulder strap, which can be removed.", "has_sizes": false, "price": "24.99", "rating": "4.10", "image": "PI0000002.jpg"}}, {"model": "products.product", "pk": 3, "fields": {"category": 1, "sku": "pi0000003", "name": "DreamBuild Backpack", "description": "A bag that carries everything you could need it to and looks as good as you could want it to? It’s here. The DreamBuild Backpack’s aesthetic is unmissable, but its functionality goes even further with enough pockets to carry work essentials, gym kit and meals for the day all at the same time.\"", "has_sizes": false, "price": "39.99", "rating": "4.70", "image": "PI0000003.jpg"}}, {"model": "products.product", "pk": 4, "fields": {"category": 1, "sku": "pi0000004", "name": "DreamBuild Shaker (1 Litre) - Black", "description": "Standing at an impressive 1 litre capacity this shaker is ideal for those larger weight gain or meal replacement shakes, as well as doubling up as a water bottle keeping you hydrated during those intense training sessions.", "has_sizes": false, "price": "6.99", "rating": "3.90", "image": "PI0000004.jpg"}}, {"model": "products.product", "pk": 5, "fields": {"category": 2, "sku": "pi0000005", "name": "Rest Day Hoodie - Black", "description": "Meet your key rest day pieces in the Rest Day collection, with styles as easy to wear as your day is easygoing.", "has_sizes": true, "price": "49.99", "rating": "5.00", "image": "PI0000005.jpg"}}, {"model": "products.product", "pk": 6, "fields": {"category": 2, "sku": "pi0000006", "name": "Rest Day Hoodie - Mint Green", "description": "Meet your key rest day pieces in the Rest Day collection, with styles as easy to wear as your day is easygoing.", "has_sizes": true, "price": "49.99", "rating": "4.70", "image": "PI0000006.jpg"}}, {"model": "products.product", "pk": 7, "fields": {"category": 2, "sku": "pi0000007", "name": "DreamBuild Cropped Hoodie - Black", "description": "A warm, comfortable, stylish hoodie with a loose, cropped cut for wearing before or after training, or even just as an ordinary sweatshirt.", "has_sizes": true, "price": "39.99", "rating": "4.70", "image": "PI0000007.jpg"}}, {"model": "products.product", "pk": 8, "fields": {"category": 2, "sku": "pi0000008", "name": "DreamBuild Cropped Hoodie - Green", "description": "A warm, comfortable, stylish hoodie with a loose, cropped cut for wearing before or after training, or even just as an ordinary sweatshirt.", "has_sizes": true, "price": "39.99", "rating": "3.90", "image": "PI0000008.jpg"}}, {"model": "products.product", "pk": 9, "fields": {"category": 3, "sku": "pi0000009", "name": "DB Seamless Leggings - Black", "description": "More stretch, more comfort, more support. Get the all-new Core Seamless Leggings in Black : featuring a supportive ribbed waistband, sweat-wicking fabric, minimalistic design and with a squat proof rating of 98%. Your new favourite Seamless Leggings are right here.", "has_sizes": true, "price": "34.99", "rating": "4.80", "image": "PI0000009.jpg"}}, {"model": "products.product", "pk": 10, "fields": {"category": 3, "sku": "pi0000010", "name": "DB Joggers - Grey", "description": "A minimalist design means you’ll have full focus on your training, and new physique-accentuating seams and panels provide an understated lifting aesthetic. Train your hardest, and DB Joggers will never let you down.", "has_sizes": true, "price": "39.99", "rating": "4.70", "image": "PI0000010.jpg"}}, {"model": "products.product", "pk": 11, "fields": {"category": 3, "sku": "pi0000011", "name": "DB Seamless Shorts - Black", "description": "Ready for your biggest workout or your well deserved rest day. Featuring a supportive yet super comfortable fit, DB Seamless Shorts is a premium quality, practical and unique seamless collection that makes you look and feel amazing.", "has_sizes": true, "price": "29.99", "rating": "4.50", "image": "PI0000011.jpg"}}, {"model": "products.product", "pk": 12, "fields": {"category": 3, "sku": "pi0000012", "name": "DreamBuild Shorts - Black", "description": "A minimalist design means you’ll have full focus on your training, and new physique-accentuating seams and panels provide an understated lifting aesthetic. Train your hardest, and DreamBuild will never let you down.", "has_sizes": true, "price": "29.99", "rating": "4.50", "image": "PI0000012.jpg"}}, {"model": "products.product", "pk": 13, "fields": {"category": 5, "sku": "pi0000013", "name": "DB Wrist Wraps - Black", "description": "The DB Wrist Wraps have you covered during your next lifting session. Elasticated thumbholes keep the strap in place, while a high-stretch material and velcro fastening means you can customise the wrist support to suit your needs, as you grab the barbells, dumbbells, and workouts, with all your might.", "has_sizes": false, "price": "14.99", "rating": "4.10", "image": "PI0000013.jpg"}}, {"model": "products.product", "pk": 14, "fields": {"category": 5, "sku": "pi0000014", "name": "DB Wrist Wraps - Teal", "description": "The DB Wrist Wraps have you covered during your next lifting session. Elasticated thumbholes keep the strap in place, while a high-stretch material and velcro fastening means you can customise the wrist support to suit your needs, as you grab the barbells, dumbbells, and workouts, with all your might.", "has_sizes": false, "price": "14.99", "rating": "3.40", "image": "PI0000014.jpg"}}, {"model": "products.product", "pk": 15, "fields": {"category": 5, "sku": "pi0000015", "name": "10MM LEVER BELT - BLACK", "description": "A high-quality lifting belt is an essential accessory for many strength athletes. Our popular 10mm Lever Belt is designed to give you support and stability during your lifts without feeling restrictive and uncomfortable. With a lever design, you simply need to set your belt size once, and you can take it on and off without adjusting. SIZING GUIDE (INCHES) XS: 24- 30, S: 29- 35, M: 34- 39, L: 38- 43, XL: 40- 45", "has_sizes": true, "price": "14.99", "rating": "4.60", "image": "PI0000015.jpg"}}, {"model": "products.product", "pk": 16, "fields": {"category": 6, "sku": "pi0000016", "name": "Oversized T-Shirt - Black", "description": "The oversized t-shirt is made from a medium-weight fabric, with extra room to move, for the ultimate relaxed fit.", "has_sizes": true, "price": "26.99", "rating": "4.60", "image": "PI0000016.jpg"}}, {"model": "products.product", "pk": 17, "fields": {"category": 6, "sku": "pi0000017", "name": "Oversized T-Shirt - White", "description": "The oversized t-shirt is made from a medium-weight fabric, with extra room to move, for the ultimate relaxed fit.", "has_sizes": true, "price": "26.99", "rating": "4.10", "image": "PI0000017.jpg"}}, {"model": "products.product", "pk": 18, "fields": {"category": 6, "sku": "pi0000018", "name": "Knot Back Crop Tank - Maroon", "description": "A comfortable, soft, and boxy fit women’s vest that’s ready to perform and relax with you. Featuring a cropped length and open back design for a splash of style, whether you’re hitting a new PR or taking the day off.", "has_sizes": true, "price": "23.99", "rating": "4.90", "image": "PI0000018.jpg"}}, {"model": "products.product", "pk": 19, "fields": {"category": 6, "sku": "pi0000019", "name": "Knot Back Crop Tank - Black", "description": "A comfortable, soft, and boxy fit women’s vest that’s ready to perform and relax with you. Featuring a cropped length and open back design for a splash of style, whether you’re hitting a new PR or taking the day off.", "has_sizes": true, "price": "23.99", "rating": "4.70", "image": "PI0000019.jpg"}}, {"model": "products.product", "pk": 20, "fields": {"category": 6, "sku": "pi0000020", "name": "DB Cut off Tank - Beige", "description": "The DreamBuild tank offers a unique fit and style for the avid gym goer. This men's tank has extra room throughout, ready for all of your biggest workouts.", "has_sizes": true, "price": "19.99", "rating": "4.40", "image": "PI0000020.jpg"}}, {"model": "products.product", "pk": 21, "fields": {"category": 6, "sku": "pi0000021", "name": "DB Seamless Long Sleeve Crop Top - Black", "description": "Complete your outfit with the DreamBuild seamless long sleeve crop top. Ready for your biggest workout or your well deserved rest day.", "has_sizes": true, "price": "29.99", "rating": "4.50", "image": "PI0000021.jpg"}}, {"model": "products.product", "pk": 22, "fields": {"category": 7, "sku": "pi0000022", "name": "DreamBuild Boxers 2PK - White", "description": "Our classic boxer design, now with a shorter and tighter fit, so you'll always feel snug and secure without any bunching. Just because you're on the move, doesn't mean your boxers should too.", "has_sizes": true, "price": "16.99", "rating": "4.40", "image": "PI0000022.jpg"}}, {"model": "products.product", "pk": 23, "fields": {"category": 7, "sku": "pi0000023", "name": "DreamBuild Seamless Boxers 2PK - Black", "description": "An essential for everyday comfort, our underwear is made seamlessly with soft touch yarn. With Engineered seamless panels for ventilation.", "has_sizes": true, "price": "16.99", "rating": "4.10", "image": "PI0000023.jpg"}}, {"model": "products.product", "pk": 24, "fields": {"category": 7, "sku": "pi0000024", "name": "Sports Cushioned Crew Socks 3 pack - White", "description": "The crew cut offers a trendy silhouette and a sporty style. Whether you’re wearing leggings or shorts, these socks will look and feel great. ", "has_sizes": true, "price": "19.99", "rating": "4.00", "image": "PI0000024.jpg"}}, {"model": "products.product", "pk": 25, "fields": {"category": 7, "sku": "pi0000025", "name": "Sports Cushioned Crew Socks 3 pack - Black", "description": "The crew cut offers a trendy silhouette and a sporty style. Whether you’re wearing leggings or shorts, these socks will look and feel great. ", "has_sizes": true, "price": "19.99", "rating": "4.20", "image": "PI0000025.jpg"}}, {"model": "products.product", "pk": 26, "fields": {"category": 4, "sku": "pi0000026", "name": "1 Monthly Membership - Training, Meal Plans, Support", "description": "What you’ll receive? Fully customised training plan, with personalized meal plan options, with beginner, intermediate and advanced options. Over 950 delicious recipes to choose from, with vegan, veggie and keto options available. You will also have 24/7 motivation email support. You will be prompted at the end of your subscription – to visit and renew/purchase your choice of subscription again. ** Payment taken in full on purchase ", "has_sizes": false, "price": "44.99", "rating": "4.40", "image": "PI0000026.jpg"}}, {"model": "products.product", "pk": 27, "fields": {"category": 4, "sku": "pi0000027", "name": "3 Monthly Membership - Training, Meal Plans, Support", "description": "Why not choose our 3 month membership? Which works out only £38.33 a month. What you’ll receive? Fully customised training plan, with personalized meal plan options, with beginner, intermediate and advanced options. Over 950 delicious recipes to choose from, with vegan, veggie and keto options available. You will also have 24/7 motivation email support. You will be prompted at the end of your subscription – to visit and renew/purchase your choice of subscription again. ** Payment taken in full on purchase", "has_sizes": false, "price": "114.99", "rating": "4.80", "image": "PI0000027.jpg"}}, {"model": "products.product", "pk": 28, "fields": {"category": 4, "sku": "pi0000028", "name": "6 Monthly Membership - Training, Meal Plans, Support", "description": "BEST VALUE! This equates to only £33.33 a month! What you’ll receive? Fully customised training plan, with personalized meal plan options, with beginner, intermediate and advanced options. Over 950 delicious recipes to choose from, with vegan, veggie and keto options available. You will also have 24/7 motivation email support. You will be prompted at the end of your subscription – to visit and renew/purchase your choice of subscription again. ** Payment taken in full on purchase", "has_sizes": false, "price": "199.99", "rating": "4.90", "image": "PI0000028.jpg"}}, {"model": "products.product", "pk": 29, "fields": {"category": 4, "sku": "pi0000029", "name": "Meal Plan Only - 12 weeks", "description": "What you’ll receive? Personalized meal plan options. Over 950 delicious recipes to choose from, with vegan, veggie and keto options available. Easy to follow shopping lists. You will be prompted at the end of your subscription – to visit and renew/purchase your choice of subscription again. ** Payment taken in full on purchase", "has_sizes": false, "price": "53.99", "rating": "4.30", "image": "PI0000029.jpg"}}, {"model": "checkout.order", "pk": 1, "fields": {"order_number": "EB9AC3DEFC7241468E5CFDAF1BD9B711", "user_profile": 1, "full_name": "test-discount-code#1", "email": "deanburke07@hotmail.com", "phone_number": "07340684499", "country": "GB", "postcode": "RM7 0FN", "town_or_city": "Romford", "street_address1": "Flat 33 Lux Building", "street_address2": "Maxwell Road", "county": null, "date": "2023-12-05T21:05:26.895Z", "delivery_cost": "0.00", "discount_code": 1, "discount_spend": "0.00", "tip_amount": "0.00", "order_total": "114.99", "grand_total": "91.99", "original_bag": "{\"27\": 1}", "stripe_pid": "pi_3OK5njDKWynVf3XQ0CPr8j7s"}}, {"model": "checkout.order", "pk": 2, "fields": {"order_number": "D5D5F35FCF4E40C7B6775AE3275F77D7", "user_profile": 1, "full_name": "test-tip#1", "email": "admin@someemail.com", "phone_number": "07340684499", "country": "GB", "postcode": "RM7 0FN", "town_or_city": "Romford", "street_address1": "Flat 33 Lux Building", "street_address2": "Maxwell Road", "county": null, "date": "2023-12-06T08:49:14.069Z", "delivery_cost": "0.00", "discount_code": null, "discount_spend": "0.00", "tip_amount": "0.00", "order_total": "99.98", "grand_total": "99.98", "original_bag": "{\"6\": {\"items_by_size\": {\"m\": 2}}}", "stripe_pid": "pi_3OKGmqDKWynVf3XQ0B7GeccM"}}, {"model": "checkout.order", "pk": 3, "fields": {"order_number": "C14BD390527C4533B4971E254370C17C", "user_profile": null, "full_name": "test-tip#2", "email": "admin@someemail.com", "phone_number": "07340684499", "country": "GB", "postcode": "RM7 0FN", "town_or_city": "Romford", "street_address1": "Flat 33 Lux Building", "street_address2": "Maxwell Road", "county": null, "date": "2023-12-06T09:05:19.378Z", "delivery_cost": "0.00", "discount_code": null, "discount_spend": "0.00", "tip_amount": "5.00", "order_total": "0.00", "grand_total": "0.00", "original_bag": "{\"6\": {\"items_by_size\": {\"m\": 2}}}", "stripe_pid": "pi_3OKH2UDKWynVf3XQ2NSfuvNF"}}, {"model": "checkout.order", "pk": 4, "fields": {"order_number": "F49E6FA49F3D45058FA977366D147283", "user_profile": null, "full_name": "test-tip#2", "email": "admin@someemail.com", "phone_number": "07340684499", "country": "GB", "postcode": "RM7 0FN", "town_or_city": "Romford", "street_address1": "Flat 33 Lux Building", "street_address2": "Maxwell Road", "county": null, "date": "2023-12-06T09:06:29.127Z", "delivery_cost": "0.00", "discount_code": null, "discount_spend": "0.00", "tip_amount": "5.00", "order_total": "0.00", "grand_total": "0.00", "original_bag": "{\"6\": {\"items_by_size\": {\"m\": 2}}}", "stripe_pid": "pi_3OKH3cDKWynVf3XQ19G4EiVD"}}, {"model": "checkout.order", "pk": 5, "fields": {"order_number": "1F58591BB73240838F7F58A3516A9B7D", "user_profile": null, "full_name": "test-tip#2", "email": "admin@someemail.com", "phone_number": "07340684499", "country": "GB", "postcode": "RM7 0FN", "town_or_city": "Romford", "street_address1": "Flat 33 Lux Building", "street_address2": "Maxwell Road", "county": null, "date": "2023-12-06T09:07:40.940Z", "delivery_cost": "0.00", "discount_code": null, "discount_spend": "0.00", "tip_amount": "5.00", "order_total": "0.00", "grand_total": "0.00", "original_bag": "{\"6\": {\"items_by_size\": {\"m\": 2}}}", "stripe_pid": "pi_3OKH4lDKWynVf3XQ2fs8CqXg"}}, {"model": "checkout.order", "pk": 6, "fields": {"order_number": "285FD0B241C241DFADB7EC3BD49000F8", "user_profile": 1, "full_name": "test-tip#2", "email": "admin@someemail.com", "phone_number": "07340684499", "country": "GB", "postcode": "RM7 0FN", "town_or_city": "Romford", "street_address1": "Flat 33 Lux Building", "street_address2": "Maxwell Road", "county": null, "date": "2023-12-06T09:08:10.272Z", "delivery_cost": "0.00", "discount_code": null, "discount_spend": "0.00", "tip_amount": "5.00", "order_total": "99.98", "grand_total": "104.98", "original_bag": "{\"6\": {\"items_by_size\": {\"m\": 2}}}", "stripe_pid": "pi_3OKH5GDKWynVf3XQ1dezHHv3"}}, {"model": "checkout.orderlineitem", "pk": 1, "fields": {"order": 1, "product": 27, "product_size": null, "quantity": 1, "lineitem_total": "114.99"}}, {"model": "checkout.orderlineitem", "pk": 2, "fields": {"order": 2, "product": 6, "product_size": "m", "quantity": 2, "lineitem_total": "99.98"}}, {"model": "checkout.orderlineitem", "pk": 3, "fields": {"order": 3, "product": 6, "product_size": "m", "quantity": 2, "lineitem_total": "99.98"}}, {"model": "checkout.orderlineitem", "pk": 4, "fields": {"order": 4, "product": 6, "product_size": "m", "quantity": 2, "lineitem_total": "99.98"}}, {"model": "checkout.orderlineitem", "pk": 5, "fields": {"order": 5, "product": 6, "product_size": "m", "quantity": 2, "lineitem_total": "99.98"}}, {"model": "checkout.orderlineitem", "pk": 6, "fields": {"order": 6, "product": 6, "product_size": "m", "quantity": 2, "lineitem_total": "99.98"}}, {"model": "checkout.discountcode", "pk": 1, "fields": {"code": "XMAS20", "percentage": 20, "valid_from": "2023-12-05T21:04:47Z", "valid_to": "2023-12-31T21:04:50Z"}}, {"model": "profiles.userprofile", "pk": 1, "fields": {"user": 1, "default_phone_number": "07340684499", "default_street_address1": "Flat 33 Lux Building", "default_street_address2": "Maxwell Road", "default_town_or_city": "Romford", "default_county": null, "default_postcode": "RM7 0FN", "default_country": "GB"}}]